startCarNumber,totalCarNumber,overhead,duration
195,200,1.153814521410999,116
198,200,2.1138067650778325,165
198,200,1.3488866207386216,452
198,200,2.0063127888167758,346
198,200,1.0343318783431712,251
198,200,1.5320357937317044,361
199,200,1.7425206657232848,459
199,200,1.2025737059801267,78
198,200,2.6279021287522064,438
197,200,2.3050724204298256,129
197,200,1.1580678583240984,178
199,200,1.4067725104372606,296
199,200,2.0653593935031873,406
197,200,1.125165320387911,57
199,200,1.4995202911273926,366
199,200,1.4300084054146502,351
197,200,1.2179301161584142,149
199,200,1.1625953013560686,119
196,200,1.397949821898474,511
199,200,1.523286971615902,148
199,200,2.8014140557016707,198
198,200,1.696482798863928,355
198,200,2.141236737105699,147
198,200,2.0941418511004373,488
198,200,1.8569716770112006,398
198,200,1.1648315210557592,98
199,200,1.5681867976590498,205
198,200,1.4780538919142467,379
198,200,1.6218304908769183,72
198,200,1.7454199840888276,520
198,200,1.5199649791384948,164
198,200,2.0974534133941938,395
197,200,2.091145496010594,347
198,200,1.7244274434597284,302
199,200,1.0098187227601987,155
197,200,4.1270344682451485,361
199,200,1.7086281717864058,161
197,200,1.5453764536230663,126
197,200,2.057624580418661,426
197,200,1.3482535148727999,361
199,200,1,8
197,200,1.929756839792666,374
199,200,1.609740016481485,379
198,200,3.0567368887552737,80
199,200,1.519308749038867,436
198,200,4.049242840028599,505
198,200,1.4382435838560765,682
199,200,1.6382585957431748,63
198,200,1.1987392928644514,66
198,200,1.033874615113769,300
195,200,2.4903205833162128,180
198,200,1.2683481124208045,171
198,200,1.2790062809547196,92
199,200,1.1582329442850554,32
199,200,1.52942848306564,364
198,200,1.27817183440937,206
198,200,1.2736987333197083,279
196,200,1.2278026891924068,126
198,200,1.9538375635902332,321
198,200,1.4757993416706445,496
197,200,1.552065992478327,267
198,200,1.7889265674204544,394
198,200,1.8495166325529628,534
198,200,1.1610498450457016,135
199,200,1.1322010809517615,164
198,200,1.5603676995185614,410
199,200,1.9072007813716556,111
197,200,1.5398925295240202,375
196,200,1.133641833546053,180
199,200,1.6384846474549088,193
199,200,1.2198633908539824,138
197,200,1.5101951193732408,588
198,200,1.3255442984675159,294
197,200,1.0692893708236297,92
199,200,1.0445097751207617,279
197,200,2.0167103536570536,306
198,200,1.2722167211013882,347
199,200,3.5389557358305654,341
197,200,1.5913472568557299,263
199,200,1.7157419501777706,215
198,200,1.6958505109744377,406
198,200,1.8085411949162566,336
197,200,1.411174031253508,193
198,200,2.0016627177819237,179
199,200,1.5995884730874612,431
198,200,2.366948083982834,147
198,200,1.8412299056416948,168
199,200,1.1210730891778466,166
199,200,1.4188859620192795,72
199,200,1.4228855373038753,179
197,200,1.295231471697969,73
198,200,1.0995530470066057,155
199,200,1.7376252694221694,346
197,200,1.5167402634501863,427
199,200,2.4069006110061975,359
198,200,1.4364462320219773,80
199,200,1.6508313996743236,366
199,200,2.005631068393296,231
199,200,1.4542246211790475,178
198,200,1.4280769072766166,145
196,200,3.705355446469396,99
198,200,2.3113863274026687,340
198,200,1.3242573916694909,180
198,200,2.593435619347698,138
199,200,1.4009599686423393,378
197,200,1.0241137022911129,194
198,200,2.2208700663850705,619
196,200,2.297367472065363,262
199,200,1.650700979508412,164
195,200,1.3476354405313882,283
196,200,3.019428328656129,222
199,200,1.2440741385442509,145
198,200,2.0607535377206156,126
199,200,1.40587411692021,369
199,200,1.7990318434840917,147
196,200,1.384673868657768,331
199,200,1.4255054486039664,198
198,200,2.944882288757828,204
197,200,2.1402671518533625,228
199,200,1.7469959220566305,462
198,200,2.0838803557650794,179
198,200,1.551094611902462,557
198,200,1.8192301838375264,96
198,200,2.764424273916832,261
199,200,2.097973751623502,246
199,200,1.680035137989814,27
196,200,1.93689224545319,351
198,200,1.7200215326333217,292
199,200,1.1208190962075946,139
199,200,2.0021243172862553,306
198,200,2.4912429560041964,189
199,200,1.4599818588268876,119
198,200,1.6346675838392573,371
198,200,1.4170977181787774,167
199,200,2.332149705024004,174
198,200,1.8120316972271044,102
198,200,1.7500804944459314,561
197,200,0.9826051739630496,56
199,200,1.9714599211200818,329
197,200,1.2679969332572156,64
199,200,1.1100012745596222,80
199,200,1.8346712237540515,481
199,200,1.8501534956517547,421
199,200,1.4260579347511375,394
199,200,1.1850681414181314,66
199,200,1.438686997162495,536
195,200,3.2679617901323414,459
199,200,2.2611862150058095,273
198,200,1.8661706423351052,438
199,200,1.63894724730355,494
199,200,1.1518316457962035,37
199,200,1.2048692514453099,306
196,200,1.8810541958442588,145
199,200,1.4702124579034508,265
198,200,1.040970178928564,155
196,200,1.5352590172609282,518
196,200,1.3041436175764531,30
196,200,1.3213688697994983,106
199,200,1.2088514235003869,289
198,200,2.36325583746326,360
199,200,1.1791231615972808,181
198,200,1.292694457697238,116
198,200,3.029382513747111,273
198,200,1.7098617155205704,192
197,200,1.1530533007826684,43
198,200,2.361039711302161,223
195,200,2.0674472318872152,650
198,200,1.9632549852164454,524
198,200,1.6788446334939788,173
199,200,2.127284593590385,134
198,200,1.7623936417128951,495
198,200,1.1652000154665918,126
199,200,1.2153284082845404,77
198,200,1.119111199134647,108
199,200,1.3781244192035644,383
199,200,1.7290786923590964,541
199,200,1.9081730249890023,322
198,200,1.9578173073544345,214
198,200,1.1651540000243774,252
198,200,1.577762821858463,142
199,200,1.351646824838133,83
198,200,2.248064771078771,364
199,200,1.2381099776542273,307
199,200,1.6388825295126392,369
199,200,1.6930916583095454,603
197,200,1.279339028601928,398
199,200,2.617375826522461,150
198,200,1.3621493781266265,239
199,200,1.8774128018333436,109
197,200,1.932661893087592,425
198,200,1.4638425408918276,64
198,200,1.362827037477683,325
199,200,2.892769813786624,364
199,200,1.6088723603464394,543
198,200,2.066677889091985,333
199,200,1.6606519737268928,246
199,200,1.4701459194946118,709
198,200,1.3606040969631945,210
199,200,0.9862894548732957,167
197,200,1.9276650353577494,308
199,200,1.207720241726551,243
199,200,2.1251862243851534,298
199,200,2.7459217725391514,129
199,200,1.9753824860875462,403
197,200,1.5306013025947538,214
198,200,1.9260585097752922,283
199,200,1.3476547889707509,286
199,200,1.186101754444651,267
198,200,1.3049136777968218,171
198,200,1.6403893834850218,444
198,200,1.2274807121317157,130
199,200,2.120427650828944,349
198,200,1.62130253207726,468
196,200,1.5556002898953134,264
197,200,1.5921261989211117,286
197,200,1.2761124768140721,200
197,200,1.346931781647583,367
199,200,1.2684736847341422,83
198,200,1.549066196143052,267
198,200,1.1505054292622683,179
199,200,1.4044669289445393,252
198,200,2.1491952813148583,374
197,200,1.9144242011051398,219
199,200,2.1166076041236135,457
199,200,1.5244504733541147,252
199,200,1.2415013346014798,371
198,200,1.8182923083107385,268
198,200,5.3225692246391,195
197,200,1.4550590486706183,392
199,200,1.0682158776871147,210
198,200,1.5129686599903809,239
197,200,2.3440451604722634,128
199,200,1.0641929789106424,97
197,200,1.5639012814407105,540
199,200,0.8823928039727489,148
199,200,3.9830905011250315,325
197,200,2.0959959802180546,98
199,200,1.615451164407294,252
198,200,0.9869142397590485,204
197,200,2.0813113639169374,600
199,200,1.344130474600106,343
196,200,1.06699612871425,132
196,200,2.5885234037395435,314
198,200,2.156793027750144,545
198,200,1.318966157469408,120
198,200,1.3903366411938056,419
199,200,1.3373521309685001,203
199,200,1.2188777837575806,194
197,200,1.221389152480151,41
197,200,1.8447449226419737,402
199,200,1.438397664748456,300
199,200,2.2715994075098545,182
199,200,1.5702265954606145,504
199,200,1.4235555113299199,329
198,200,1.1008899644592616,341
198,200,1.5084126865363279,172
198,200,2.6038967469904692,303
199,200,1.3324690796790994,82
199,200,2.175044013051674,274
196,200,1.7782407189764884,788
199,200,2.192176875902567,418
199,200,1.1265574207710605,168
199,200,1.32649070484586,238
198,200,1.6067597730888814,435
196,200,2.2152621620813284,216
198,200,1.6802811309713683,607
199,200,1.3563224664334317,221
198,200,1.3064948502092837,118
199,200,1.2426844143885705,151
198,200,1.9945270025027246,389
199,200,1.1066513735337153,309
198,200,1.78117467049996,484
199,200,1.774911480944097,326
199,200,1.5489525494023135,594
199,200,0.9465968943197254,169
199,200,1.9048852588912928,126
198,200,0.9200780679334054,168
199,200,1.5729697719254725,436
199,200,1.3763398120632806,280
199,200,1.8960080805565809,287
196,200,1.1171280432594373,121
199,200,1.4804362212974032,493
198,200,1.44054217950874,372
199,200,1.3715825043025514,161
199,200,1.1659172742534807,102
197,200,1.2649384249346387,127
197,200,1.8925546074310193,393
197,200,1.427204464430328,531
199,200,1.2701896041091512,41
199,200,1.9601299106099055,355
199,200,1.3231290753371638,55
198,200,1.1786013060506355,288
199,200,1.3679252692628083,15
197,200,3.534260444343901,572
199,200,1.9707036074487323,242
197,200,1.212726752453016,304
198,200,2.2042746802980853,365
195,200,2.3950454256379974,188
195,200,1.4439354018398627,176
197,200,1.1069949464398656,313
199,200,1.6264351193719133,258
199,200,1.675307500814865,661
198,200,1.6029569882084886,379
195,200,1.0738582912841306,195
199,200,1.3483697439970885,324
196,200,1.6712200112974638,263
199,200,2.906778837607656,553
198,200,1.3339421387377668,165
196,200,2.5063552857481706,382
199,200,2.329618904614928,463
197,200,2.4140987619470393,307
199,200,1.2610898018861147,156
199,200,3.118708097928053,112
199,200,1.3796763596326962,366
198,200,1.425794255047895,169
197,200,1.653597516475462,333
198,200,1.4929768644498533,216
199,200,1.498779001610512,205
197,200,1.6490718970178078,129
198,200,1.2762328647323253,108
199,200,1.9983286510235445,563
198,200,2.088423086492133,245
198,200,1.2142296165381852,346
199,200,1.0584754392591533,65
198,200,1.3456597240969719,500
199,200,1.1139280498634696,110
195,200,1.752035144968038,168
199,200,2.3429639179192447,141
198,200,2.5703986456610117,197
198,200,1.0403197084394444,261
198,200,1.4944000762228518,177
198,200,1.2174024818776263,59
199,200,1.3251723230552417,96
196,200,1.6113632660588604,91
198,200,1.438285505366429,386
199,200,1.8913217873033623,304
196,200,1.5500502176096418,22
198,200,1.3241261521752685,76
195,200,2.177155708156816,228
198,200,1.1759017716970308,99
199,200,1.897611368644011,399
198,200,1.9690468811568422,138
196,200,1.7125472453450368,157
199,200,2.713071001829887,90
199,200,1.1463430600349962,272
198,200,1.6151964174706541,287
198,200,2.427644053939318,424
199,200,1.809303387434604,149
199,200,1.6472657110087445,794
198,200,1.021146967858989,135
198,200,1.6322630114742838,494
199,200,2.3462522729804935,132
198,200,1.353485452306653,208
199,200,2.163560939061461,396
197,200,1.8056373531399503,146
199,200,1.3640069298472735,43
197,200,1.49330331442388,47
199,200,1.0529604552367073,141
199,200,1.1323803799234082,148
199,200,1.7918939805987564,301
197,200,1.6383147431412033,152
198,200,1.6040717424925857,498
198,200,0.9998189421966505,131
199,200,1.5394124876857105,247
198,200,1.0258477611082184,52
198,200,2.1107121915433,170
198,200,2.4977442906872085,275
198,200,2.326183552627184,444
198,200,1.2979533678493143,263
198,200,1.213686535476033,330
198,200,0.9842429592394535,286
196,200,1.1099120968460332,254
197,200,1.7788990728935419,579
197,200,1.4281444177130151,195
199,200,1.4913784912842118,435
197,200,2.110017845340669,90
199,200,1.6265848846058595,256
199,200,1.3594001635158655,331
197,200,1.2200764533470074,61
199,200,1.4782592489440347,229
199,200,1.0255994058568976,288
197,200,1.2608960480160583,194
196,200,1.4078380054492947,91
198,200,1.3835309834067686,187
198,200,1.1557886557886556,15
199,200,1.2967122109723939,137
198,200,1.3989712197500135,151
198,200,1.0252067184724225,259
198,200,2.0542700081273777,293
196,200,1.6419243464327984,345
197,200,1.6595430732574175,183
199,200,2.490232575299948,108
199,200,1.5162268533453769,94
199,200,2.1632294268517964,516
199,200,1.2690460358517148,280
198,200,1.2820104282277252,254
199,200,1.626205727437989,302
199,200,1.1877398851207086,378
199,200,1.7486443254109663,309
199,200,1.5324184228892237,573
198,200,1.7673973783138894,260
199,200,1.371987736069308,175
197,200,1.5424300218547706,603
199,200,1.0239562509087219,209
198,200,1.482246220706126,246
196,200,2.1506049499134043,314
198,200,2.526799937292603,254
198,200,1.2501957402278943,220
199,200,1.2793381177953436,320
198,200,1.313615457785076,348
199,200,2.2649811454698843,130
199,200,1.548948524720845,225
197,200,1.6383850958264663,376
198,200,1.8053690734763552,368
197,200,2.0615597233540517,206
194,200,2.157729650751656,168
198,200,2.1997817556503687,203
198,200,2.197259761996095,300
199,200,1.2028365129235967,153
197,200,1.3527881328679592,64
198,200,1.0319183733641628,82
197,200,1.650878194008326,213
197,200,2.3793884238999827,353
199,200,1.0948802715627666,76
199,200,1.1769304857110137,201
199,200,1.5441744963912054,324
198,200,1.6101643437969044,441
198,200,1.1676851183562276,84
198,200,1.207287589581703,199
199,200,2.2952066028908957,212
198,200,3.2259907310431664,182
199,200,1.7811119732387417,113
199,200,1.6607260032147328,433
197,200,1.5874887210631252,352
197,200,1.2733474877389928,367
199,200,2.244144452506317,187
199,200,1.521143366790027,241
197,200,1.5856564100261616,338
197,200,1.2782431959498273,136
198,200,1.111219329671242,101
198,200,2.6527835181545014,264
198,200,1.5449001290609374,429
199,200,1.6392198938932674,237
196,200,1.575350513464965,352
199,200,1.655796438514808,494
199,200,2.1532624832359835,432
199,200,1.6321790013643145,514
199,200,1.0960683958824953,65
199,200,1.513854221535303,422
197,200,1.8456278715696508,425
199,200,1.9134393980610438,212
195,200,1.5511380842780838,407
199,200,2.0147548477683057,358
198,200,1.6003731163073596,524
199,200,3.179591059103589,187
198,200,1.753025489620801,270
195,200,1.2488530228619275,148
199,200,1.1576287951594755,87
199,200,1.4732265647612017,278
199,200,2.0386176721016165,213
198,200,1.710535241970279,320
199,200,1.7199466467727518,243
197,200,1.5974920175318805,508
199,200,1.9702707599946239,271
199,200,1.4722133298185165,453
197,200,2.3485197582969146,326
197,200,1.3617528607031575,110
199,200,2.3262437561516918,198
198,200,1.1402751729881742,157
197,200,1.2524552984244373,190
197,200,2.046908401146586,349
196,200,1.3670774862013284,114
195,200,1.8205053981676584,548
198,200,1.1500890881008974,90
198,200,1.368022307400803,202
199,200,1.6607653391472148,231
199,200,1.3923227743923128,488
198,200,1.516942489876361,569
198,200,1.5759618194249227,134
199,200,1.1848621160315027,187
197,200,1.6250301347554783,186
198,200,1.812500142296205,261
196,200,1.2879655517253008,198
199,200,2.5494324779661555,367
198,200,1.9898647015901565,379
198,200,1.2381081733475894,90
196,200,1.5314443406274343,242
199,200,1.4903665355443907,588
198,200,1.6961831569333612,635
197,200,1.4250469790292783,184
197,200,1.7988508637308744,379
197,200,1.6758873787713082,379
199,200,1.8226727658626196,333
199,200,1.0129709088125773,271
198,200,1.5881015278251356,198
198,200,1.492834182177146,242
197,200,1.640059735805307,531
198,200,1.0694792861915796,166
198,200,1.4750081190869222,428
197,200,1.6622983980241242,262
198,200,1.4963802647827604,303
199,200,2.2648816752625223,153
198,200,1.2481553607540086,241
196,200,2.2605875099589863,362
199,200,1.2975082868691814,57
197,200,1.6187111225554893,267
198,200,2.158384268612611,497
198,200,1.6758997100931488,253
199,200,1.2672762340903931,59
198,200,2.1740690186455005,258
198,200,1.4942893269098043,73
198,200,1.7710905996953152,76
199,200,1.3186789885212356,335
199,200,1.4692003081644482,520
198,200,1.7346404442372443,656
199,200,1.5359767935641366,400
198,200,1.2822671625409612,257
199,200,2.2693816299913445,521
199,200,1.638836740834287,256
199,200,1.6712845841759834,353
199,200,1.7250669386651711,321
198,200,1.5075148235335603,418
198,200,1.238548905217218,254
199,200,1.3991127872260698,25
198,200,1.7520958114441862,359
199,200,2.1249950058319973,547
197,200,2.258675963897391,194
198,200,1.2799207277512221,160
197,200,3.56257664065216,118
196,200,3.717552240974387,251
199,200,1.5794531387802122,285
199,200,1.9676844889405696,250
199,200,1.5715843268311962,477
195,200,1.243057580930217,263
199,200,1.012051112606992,67
198,200,2.643525628922089,349
196,200,1.2082394767332245,115
197,200,1.1146447787546312,192
199,200,2.08336749359237,468
199,200,1.5709292562172104,536
199,200,1.4163324586458528,338
197,200,1.3698425735278055,158
198,200,1.4829680451837506,306
198,200,1.9299053537199067,581
199,200,2.901764077308689,114
198,200,2.095789669242024,432
198,200,2.292706481955134,116
199,200,1.6100854330681424,106
199,200,1.860411806797309,286
196,200,2.1730154110036852,200
199,200,1.596906835641255,244
199,200,1.1166119455484556,132
198,200,1.9844969953418403,260
199,200,1.194181637702616,110
199,200,1.3675018359586797,315
198,200,1.2799065865459778,222
198,200,2.2694971050285115,220
199,200,1.2433590470544185,172
199,200,1.4372757720637495,506
198,200,1.1314865392118612,29
197,200,1.2284824039856768,160
199,200,1.045860640185627,183
199,200,2.1649559169502477,368
199,200,1.0731001930419648,116
199,200,1.6482250187235368,123
199,200,1.984995740569436,250
197,200,1.304243908624927,370
197,200,1.1254033541145525,40
198,200,1.2203348309023558,224
198,200,1.0846297293117118,208
199,200,1.824519440277023,93
198,200,1.845500868543549,156
196,200,1.3991780916146026,271
199,200,1.5821036279696907,393
197,200,1.7925209846352834,483
198,200,1.4881539218810047,507
199,200,1.406574222833552,216
199,200,1.0828831535657177,225
199,200,1.782213392294953,115
197,200,2.3014430591225294,636
199,200,1.6743521653527622,216
198,200,1.7868357142349447,388
199,200,2.738001221568996,222
197,200,1.5291500085153968,432
197,200,2.016599034667866,607
198,200,1.5487747367822091,473
199,200,1.256623323160662,98
198,200,1.0058101731406215,97
199,300,1.2638008733989818,116
198,300,1.5905042846713853,407
199,300,1.5215764551756903,142
198,300,1.1541436722716747,75
199,300,1.859608371510245,603
197,300,30,6033
198,300,1.7329543069840123,79
198,300,1.456313299546353,206
197,300,30,6044
198,300,1.1089739016764506,164
199,300,1.1105270599403205,220
297,300,1.2834072601046718,43
198,300,2.487483739079025,476
197,300,30,6062
198,300,1.9508644031756932,536
198,300,2.052346457326495,442
199,300,1.3075970861244033,391
198,300,2.4852994425511907,350
198,300,1.2800532699331306,279
198,300,1.1874448314850876,157
198,300,1.4967881778298522,311
297,300,1.994855819580464,105
198,300,1.7157500244717596,159
298,300,1.609881110556694,82
198,300,3.7118650797644452,193
197,300,3.60794712204214,179
199,300,1.3313597618209614,372
298,300,1.583491682501583,95
198,300,1.7231936118115836,500
197,300,30,6143
197,300,1.824695157014692,305
197,300,30,6153
199,300,1.5905474139102138,208
197,300,30,6156
284,300,1.4020772011437037,158
197,300,2.1273035582015414,684
298,300,1.2922359684220148,107
197,300,30,6183
197,300,30,6184
298,300,1.3330893446908836,28
197,300,1.3408359898213378,358
298,300,1.346811251566697,134
197,300,30,6197
199,300,1.4546689050164945,284
196,300,1.9171258486708,237
299,300,1.3130248545695218,184
296,300,1.106039838388121,135
298,300,3.418651216773955,99
199,300,1.9645878411240165,292
298,300,1.192435022983615,172
298,300,1.177489617731126,196
298,300,1.5006521706587923,185
298,300,1.2737458712670633,53
199,300,1.8862983024878155,355
298,300,1.337492645195415,105
199,300,1.6015652873751305,346
199,300,2.126084445493187,364
197,300,2.234788641743093,337
198,300,1.7570295694714684,486
299,300,1.8126809118883942,159
298,300,1.6297853022913618,259
298,300,1.1417567037474474,127
298,300,4.219401448484677,148
198,300,1.6664211558033002,376
297,300,1.292462301120374,195
197,300,26.293780334985353,6313
197,300,30,6331
294,300,1.4118175684893366,329
199,300,1.3997837098653967,378
296,300,1.1453781437350452,271
298,300,2.4221580639725904,224
298,300,1.7725258906077204,228
296,300,1.3744927431548188,115
297,300,1.4230454192651674,217
297,300,1.1926374515692104,144
197,300,26.5745752353968,6374
298,300,1.0632315957963636,108
296,300,1.961282845092768,146
299,300,1.6447992877724245,237
197,300,24.685662521604307,6400
297,300,1.7432481662740362,338
295,300,1.2917519685985357,112
298,300,3.892460849120477,125
198,300,1.9849408821587144,598
198,300,1.597125587499997,554
298,300,1.2149243589409453,191
198,300,1.492769184202135,547
298,300,1.1889723304375477,136
298,300,1.0353793841845798,121
299,300,1.1839672144274844,83
295,300,1.26350369574831,15
298,300,1.2256782993335371,42
197,300,24.139941192241146,6479
297,300,2.566517491725651,340
298,300,2.091898872172334,365
297,300,4.555433454717229,77
297,300,2.499181411869339,288
298,300,2.12608622848635,313
295,300,1.362443604811975,415
197,300,27.096926045537373,6499
299,300,1.2556553282950618,337
297,300,3.1129396582107263,216
299,300,1.0941211991467539,263
299,300,2.1810702462685625,178
298,300,1.3882216102658884,348
297,300,1.2360624530765678,247
299,300,1.4084287313859651,184
295,300,2.0540741769276494,443
297,300,2.057827450857019,184
298,300,1.423639271313342,497
297,300,2.17737440310642,325
299,300,1.6399669730812918,163
299,300,1.1602739319183106,115
299,300,2.018212132328776,290
298,300,0.9334365871306293,249
197,300,29.30049227892158,6573
297,300,1.126059707063719,145
299,300,1.2517164114133148,236
299,300,1.4861146754327021,282
297,300,1.8449280804965236,368
297,300,1.1408250267090025,237
297,300,1.7204990489380565,332
299,300,1.921627196956605,540
298,300,1.620811083009661,90
297,300,1.4287704103483294,118
197,300,20.720583605018525,6641
298,300,1.2774794089055423,96
298,300,1.3926512865717993,446
299,300,2.4898818546693646,109
298,300,1.2851504429060805,101
297,300,1.2879174785438787,296
199,300,1.9339413105416874,683
298,300,1.4758523529092047,527
299,300,2.004156755665021,655
299,300,2.1042822888286308,484
297,300,1.6004287030779925,534
297,300,1.564889136943454,198
299,300,1.3401354763831748,457
298,300,1.8533460818208798,517
299,300,1.1298332959878694,53
298,300,1.4000972289742342,27
298,300,1.6668791206089275,445
298,300,1.7026888472877655,65
299,300,1.20237072382039,62
299,300,4.215672281490677,157
298,300,2.6941596115716284,193
297,300,1.152666161547156,58
299,300,1.6502578201410725,238
298,300,1.6368790412851821,347
298,300,1.3072872868290106,65
298,300,2.5372270465336837,577
298,300,1.9248708964587031,216
299,300,1.9292230999990483,375
299,300,2.180955074781876,155
295,300,1.0313155617440741,128
299,300,1.3359351767943006,94
298,300,2.7317969267194115,302
299,300,1.6680996706723135,331
299,300,1.7097068083714004,437
297,300,2.2888974702250766,332
298,300,1.667356022468827,419
298,300,1.603562949884388,393
298,300,2.019207179685167,520
295,300,1.2416281949571542,188
299,300,1.6410289437791739,282
299,300,1.279964874376593,287
298,300,1.7581485297439434,632
297,300,1.2818779993038987,174
296,300,2.325798694310076,85
293,300,2.9102676705337482,167
297,300,2.3046754527872144,210
297,300,1.1032730116550478,80
298,300,1.5638059808709086,377
297,300,1.4041188641076803,317
299,300,2.6710835781186577,353
299,300,1.4458526167725938,211
297,300,1.9313299184536739,191
297,300,1.2514275881668901,127
299,300,1.283117256421508,77
298,300,1.1810358003125858,221
298,300,1.2191379283042934,70
299,300,1.777081760681127,567
299,300,1.1644391823192481,188
296,300,2.513924592036979,314
296,300,1.740539147100495,457
296,300,1.3353621203770285,257
299,300,2.037750914264245,510
299,300,2.0550338804537707,419
299,300,2.426382437535332,414
298,300,1.0077317909798986,88
295,300,1.3639743671837525,349
297,300,1.5579488425264998,468
297,300,2.038447309400572,333
298,300,1.7666272102750604,393
297,300,1.6267488396581076,494
295,300,1.761143666379047,587
299,300,1.1993882322055627,353
296,300,1.398751678356367,132
297,300,1.7423297343750082,598
298,300,1.9119925772880535,545
297,300,1.0754792207902297,282
299,300,2.044458988183347,721
297,300,2.074182422342394,262
298,300,1.7778534634101373,658
299,300,2.0750757407596008,427
298,300,1.5538059065513996,250
295,300,1.8470252373198668,414
294,300,2.0799566104527063,291
296,300,1.0405500601175992,244
299,300,1.4575811199139597,190
298,300,2.2989977083181383,525
295,300,1.6618143898703188,598
296,300,1.6433330254146363,420
296,300,1.4296410796373837,211
299,300,0.9820673434483647,79
297,300,2.033821796417165,521
299,300,2.038712142976393,239
299,300,2.6126208687785057,147
294,300,2.0821800328696445,384
299,300,1.250854918477858,278
296,300,2.0133159866327426,336
299,300,1.4929120791706567,161
299,300,1.4551894675888393,281
297,300,1.71285229187589,523
298,300,1.2065463820265114,106
297,300,2.0331566864924704,267
299,300,1.7173836701193106,251
298,300,1.1197995172159187,187
299,300,1.2049036009436966,123
295,300,0.9266913784367581,25
298,300,1.1623296765297666,277
297,300,4.862877657154221,61
297,300,1.1446498897769135,149
297,300,1.106871340770732,38
298,300,1.6817492269785097,122
298,300,1.5492694571256451,523
297,300,2.655064955950142,284
299,300,2.4380298682840773,387
299,300,2.124995850182408,375
297,300,2.4893251830604464,484
298,300,1.0700860313576237,199
299,300,1.3927705677012934,184
299,300,1.7746718852217809,422
297,300,1.5632142350680802,342
297,300,1.0635141287958283,105
293,300,1.4810008971920965,553
296,300,1.202131020790575,227
299,300,0.9531372854347655,98
299,300,1.9672203453417079,862
295,300,1.5325488206187952,149
297,300,1.6113843402083743,147
299,300,1.2815800255287582,74
299,300,1.6716389781637737,418
298,300,1.2808957187640728,55
299,300,1.047699369699035,131
299,300,1.4906442168214864,270
299,300,1.8335508398851972,570
297,300,1.718606358921647,343
296,300,1.1564321212257354,318
299,300,1.4586344054058815,307
299,300,2.335944675738884,411
298,300,1.5197068937028981,127
298,300,1.034082811950007,283
297,300,2.422000754597685,331
298,300,1.5628078212945071,415
299,300,2.149418538869898,357
298,300,1.3662028453664894,381
298,300,2.185825186377355,600
297,300,1.7188449603121232,129
296,300,1.1632209629838426,77
299,300,2.6373243229225594,569
297,300,1.1775640437703494,138
296,300,1.7012586588524716,711
297,300,2.2032530967349655,252
299,300,1.7896151834867349,437
297,300,3.0219593492296646,491
297,300,2.3163980761764837,348
298,300,1.8938956684620754,424
298,300,1.494582586446879,237
298,300,1.370131885838246,110
298,300,1.2944139930522827,89
298,300,2.0420593360724104,268
297,300,1.8259106407200643,179
297,300,1.619328366387157,289
298,300,1.4297688147111605,302
297,300,2.2587258358193827,581
297,300,1.7958869551875305,246
298,300,1.5451660799786158,404
299,300,2.0161236158905655,511
297,300,1.6034280052184826,353
298,300,2.159498285443633,269
299,300,1.3818538311178834,129
297,300,1.1885334780356518,292
298,300,2.227788445495621,211
299,300,1.7333672992496896,399
298,300,2.516530983325031,342
297,300,1.9714101266752564,524
298,300,2.007983762418007,205
298,300,1.7467282819811571,274
299,300,1.2193276735158232,161
298,300,1.2762990584686085,216
299,300,1.583457367926764,149
299,300,1.0369080684083254,313
296,300,2.0396063171744654,393
298,300,1.6926605277628346,67
297,300,1.7818151141545147,282
299,300,1.0946540993385387,44
297,300,1.537407122788809,440
299,300,1.132969511234312,229
298,300,1.5283297614048712,537
299,300,2.2957843304654606,383
299,300,2.634934985875916,364
295,300,2.0676061074769136,312
298,300,1.556949869321951,213
299,300,1.6570050407790045,643
298,300,2.0651479982293663,518
299,300,1.6493450867226263,472
297,300,1.4825090068642377,353
295,300,1.3663214131239236,141
297,300,2.0645404108889753,380
296,300,2.211930538979352,344
297,300,1.078807746742501,111
299,300,2.5565825565440465,341
297,300,1.593515956267853,398
297,300,1.26716982948287,217
299,300,1.9996374254589826,239
298,300,1.1158756312065785,77
298,300,1.046857493726115,113
298,300,1.6389709506383618,360
299,300,1.5859833885640635,403
298,300,1.6020459376353418,551
298,300,2.274057742707465,284
299,300,1.555321007274042,436
299,300,1.5015029644140296,228
296,300,1.337625134074678,291
297,300,1.7303301615987068,642
299,300,1.8939556265461557,14
297,300,2.684256760591631,402
298,300,2.2988822383262977,442
298,300,1.7307643622505657,198
297,300,1.6269644374228769,161
299,300,1.5519606224010243,457
296,300,1.6157004953013174,504
295,300,1.0637417345267466,61
299,300,2.025368751339086,308
299,300,1.1031044000625292,291
298,300,1.8343910942169248,289
297,300,1.6918119028537575,158
297,300,2.067930255029843,333
298,300,1.3390577933921437,236
299,300,1.7608012942434477,338
296,300,1.5299048002177986,466
296,300,1.383075263819919,459
298,300,1.1670625092803366,181
298,300,1.3229676523320906,236
298,300,1.6295002331412909,392
297,300,1.526484509093086,503
298,300,2.140937128219316,410
299,300,1.650627005962995,371
297,300,1.390846308631408,136
296,300,1.4734379883200832,522
296,300,1.739337007685203,481
298,300,1.609631664623212,497
296,300,1.907423361508635,895
298,300,1.3292436285754945,193
298,300,1.3772520678676756,373
299,300,1.495901238144667,369
298,300,1.4821139224137236,153
295,300,1.396708107990577,392
297,300,1.4607244343578807,638
298,300,1.6495543995348714,206
298,300,1.9707470776376859,432
299,300,1.183955348656116,109
296,300,1.3542952974348692,484
297,300,1.1851184605922997,59
296,300,1.682590089025095,389
297,300,2.341097646558304,169
298,300,1.713388377518905,456
298,300,1.3013806386917715,53
298,300,1.4445144165873536,464
297,300,1.2753103287743506,29
298,300,1.3014902062861975,40
296,300,1.8598844525127365,425
298,300,1.3391482915592474,78
298,300,2.3703610739607996,531
297,300,1.8603369743747906,112
298,300,1.0904901756853616,124
296,300,1.4843161046820457,210
298,300,1.4038501337085723,530
298,300,1.0694271367707702,264
299,300,2.0036645225943706,394
298,300,1.7838893996403584,261
299,300,2.0254160030102293,316
297,300,2.0572516384762616,548
299,300,1.539594549818747,168
298,300,1.41067158738402,344
298,300,2.363689969622673,486
298,300,1.665243425304103,654
297,300,1.9584657826923402,270
298,300,2.2393684267359064,133
298,300,1.5830489010367768,325
298,300,1.2223771940742163,261
296,300,1.1379906247680887,183
299,300,1.3762467274505876,347
297,300,1.342084803551384,80
299,300,1.642384654515706,446
299,300,1.4532850157638764,241
298,300,1.278166079682446,220
297,300,1.1857101329335824,20
296,300,2.240000787563739,357
295,300,1.6527782806734457,399
299,300,1.1957032647707038,159
296,300,2.0003255718729993,334
299,300,0.9728268512474042,159
298,300,1.912987689853636,330
298,300,1.1188121847864312,261
296,300,1.0047409805267504,100
298,300,1.168739701733857,150
297,300,2.317584461514135,176
298,300,1.744489966280861,645
296,300,1.7537687512914713,389
297,300,1.9256481350458623,426
296,300,1.224874301740024,150
297,300,1.5515862300664498,150
297,300,1.356918421889891,407
295,300,1.1843807573573693,94
299,300,1.5589061374886735,114
296,300,1.068567552229551,108
296,300,1.95289961804438,187
299,300,1.7339791721132605,580
299,300,2.1378862240986205,271
298,300,1.5451886968459156,220
296,300,1.4571984669780307,81
298,300,1.452259434922338,269
297,300,1.6239202438910585,423
298,300,1.241178300078927,69
298,300,1.4821333416262708,696
298,300,2.8409302188434595,216
297,300,1.7529465402662658,250
297,300,1.637461349895328,573
298,300,1.7954943374747538,512
298,300,2.0246044349041026,361
299,300,1.19433938674706,110
298,300,1.1777648152963884,193
296,300,1.452738689071328,410
298,300,1.6255384330717968,619
296,300,1.838010594616962,226
296,300,1.5846428597218587,297
297,300,1.4710963412659752,264
296,300,2.2833296108340466,428
297,300,1.9375897776973505,563
298,300,1.3225244484598226,426
296,300,1.50964718469499,421
298,300,1.2317897685644927,96
299,300,0.8521358104362584,169
296,300,1.4810103739635092,250
298,300,1.0595814585366787,67
297,300,1.9203035854378483,622
299,300,1.645652643328175,537
297,300,1.6448920209065125,562
297,300,1.8838123245292901,629
298,300,1.5298846367010583,135
299,300,1.893966540611618,481
298,300,1.8305215968979531,367
298,300,1.8113453018278745,173
299,300,1.4521922720349227,343
298,300,2.1457453355773253,665
299,300,1.2974346879295098,148
299,300,1.4544758442753802,49
297,300,1.4307802601511097,381
297,300,1.0523558292939768,298
295,300,2.013436679922318,689
297,300,3.398160139962467,205
299,300,1.4765105895317043,221
297,300,2.684539580182701,366
295,300,2.823897822949625,507
298,300,1.5469896361488267,200
297,300,2.209643229930877,451
298,300,1.70054612861322,350
299,300,1.680374307992853,372
297,300,1.4224334657531876,127
298,300,2.211795139614975,656
299,300,1.812960084147529,225
299,300,1.6528594900312614,656
298,300,2.3696007801771963,113
298,300,1.6083091181705225,204
298,300,1.8982353950376847,520
298,300,2.5148831968525323,299
296,300,2.5387519884301555,277
297,300,2.2461444042923833,514
296,300,1.5187941513444103,386
295,300,1.4325865017300112,458
297,300,1.2251253485673965,13
298,300,1.4041539506530885,553
298,300,1.9597427934475915,526
299,300,1.4475161811630128,454
299,300,1.455348483403661,213
298,300,1.001726556435849,152
298,300,1.3114824560865137,270
297,300,1.6544097212796687,520
297,300,2.4011310618260797,617
299,300,3.616631268263268,305
298,300,1.5708979778451162,485
297,300,2.076348589567093,435
298,300,1.453116769702643,399
297,300,1.50164968438837,120
295,300,1.631773049494405,163
299,300,1.4543426754798998,480
299,300,2.164359566253936,350
298,300,1.22284204345273,44
299,300,1.7259257937591066,231
297,300,1.2125231260700389,212
298,300,1.7150502197836224,185
299,300,1.1278910855896163,106
298,300,2.732241350347003,501
298,300,2.007202615217017,301
295,300,1.3582528518869301,228
298,300,1.69207531114656,274
298,300,1.7102538749052132,554
296,300,1.3931640948048836,266
299,300,4.574279512991139,290
299,300,2.5027459004533226,713
298,300,1.8508189297105408,77
298,300,1.46287279576236,75
299,300,1.7957598987610044,416
298,300,1.5523121620868423,243
297,300,1.900632440471746,510
298,300,1.4885868749134001,553
297,300,1.4779642216450195,189
299,300,1.8673880199178052,530
295,300,1.5701170317958206,685
295,300,1.9272435405707604,299
298,300,1.1738662838906722,223
297,300,1.3687790971958484,440
298,300,2.1861223173866486,306
297,300,1.3138486746159717,171
295,300,1.2207934495435964,89
295,300,1.363217393709109,346
298,300,1.2064796107973408,69
298,300,1.8836924381667441,540
297,300,1.671000252011036,330
299,300,2.5439085035524984,322
299,300,1.2556362254177,80
297,300,1.8798769526959729,524
297,300,1.6936053353604719,207
298,300,1.0906848052538458,207
296,300,1.7359951038927277,498
297,300,2.1981833960786905,368
296,300,1.4621568947353505,321
298,300,1.5600556963591021,389
299,300,1.7724939188146667,618
299,300,1.2575080874944642,597
299,300,1.9621222842772807,186
297,300,2.5137720305959714,363
299,300,1.191903625563073,341
298,300,2.062615255790229,429
297,300,1.2618971108490513,120
298,300,1.4300860042123007,99
298,300,1.8047090083951765,419
298,300,1.9881053251293221,342
294,300,1.4664091095229987,292
298,300,1.7531572176467602,257
295,300,2.442029351699765,247
297,300,1.440832219624398,47
297,300,2.4577177076726096,265
295,300,2.441927698934308,499
299,300,1.267583956168791,63
298,300,1.4404959742782157,320
298,300,1.87120530799695,660
298,300,1.2044695214221763,276
295,300,1.7995149137512252,149
295,300,1.5088787700366526,444
297,300,1.1642284306281774,82
298,300,1.6627007512759535,291
298,300,2.1033769559091806,308
299,300,1.831152474815566,295
299,300,1.22014470321793,245
297,300,1,8
297,300,1.2058125467334104,67
299,300,1.3311742905155748,310
295,300,1.8380315998082053,582
295,300,1.065155160771857,56
298,300,1.789693164039678,495
298,300,1.4283480430501094,247
297,300,1.7991850164349015,363
297,300,1.4517097270532278,190
297,300,1.409328119155624,353
297,300,2.1037134779482707,302
298,300,2.1366911952994494,382
299,300,1.7974438077209467,275
299,300,1.7295950076255053,735
299,300,1.2916620004651844,36
298,300,2.2259702454083894,358
297,300,1.0448388619918518,173
295,300,1.3719411275718871,206
294,300,1.2119429852116224,34
298,300,1.5723644766412093,499
299,300,1.0868292579460517,162
294,300,1.9466189689338946,666
298,300,1.0696976674995975,151
298,300,1.598825264911312,317
297,300,1.9294769140856964,177
297,300,1.913305594668857,291
299,300,1.801699567497179,216
298,300,1.4525816268722267,174
296,300,1.5307882544994256,165
298,300,1.704532979634821,683
297,300,2.061457078252976,253
296,300,1.1806435830874413,103
297,300,2.032319801760598,388
295,300,1.4866492953032326,121
297,300,1.38511702474818,665
298,300,1.6379059842665746,446
295,300,1.5806324287582096,344
296,300,1.5186898978271235,407
297,300,1.5667669287113362,230
299,300,1.2877079288059774,472
297,300,1.3979941251352763,51
299,300,1.0723009302035207,74
296,300,1.5817307812443129,439
297,300,1.7361384158996407,690
299,300,1.5142738358472425,296
299,300,1.0698157821126686,196
299,300,2.0212762507059057,992
298,300,2.4101252972651155,162
295,300,1.12982828463916,355
298,300,1.339697353601429,651
299,300,1.2919066970560507,161
297,300,1.3254695227160014,464
296,300,1.131999397730774,259
297,300,1.7416238362286782,478
297,300,1.0879555141461439,99
299,300,2.6053414872327894,245
298,300,2.031545929790067,344
297,300,2.233517977438102,165
298,300,1.8218874079486764,208
295,300,1.3707160962934513,122
298,300,1.570331022688307,305
298,300,1.7597138591472234,261
297,300,1.948247975268999,150
297,300,0.9800105209952197,226
298,300,1.935977389304581,357
298,300,2.4910500852056225,72
294,300,1.1799851454377694,167
298,300,1.5600132299762068,537
298,300,1.4641844488982443,345
296,300,3.0722852063915878,226
294,300,1.9056613736664096,225
295,300,2.1629928396797133,138
294,300,2.560404933636595,336
296,300,1.1492089975751691,120
298,300,2.2379391229591152,148
297,300,2.0610584779987344,397
298,300,1.959077499885799,588
298,300,4.996812109110862,187
295,300,1.7790060190426145,280
298,300,1.5430101389909134,576
297,300,2.7814082802957847,312
297,300,1.1472323599342005,193
297,300,1.4881388762597927,599
298,300,2.0931414984867867,360
299,300,1.795615829529803,537
296,300,1.6415923353582758,307
296,300,1.3129821299733857,89
296,300,1.1538216400498154,98
299,300,2.1169819051377767,463
298,300,1.5778004960861318,577
298,300,1.517944778651148,241
297,300,1.10904606207966,270
298,300,2.1454064945987135,291
299,300,1.714558746092251,481
297,300,1.5167151493231026,291
297,300,1.6111540211704718,220
296,300,2.174860782855334,280
298,300,1.920203887242124,526
298,300,1.4637511587119498,306
298,300,1.9816270744523372,351
298,300,3.335878207039927,134
298,300,1.8245693096024687,486
296,300,1.5068688244884876,402
298,300,1.5516701822053103,174
296,300,1.6653860808578016,833
296,300,1.1462792432924451,106
299,300,1.3925277229664403,275
299,300,1.858713537930512,476
298,300,3.6051563436795977,408
297,300,1.60394406604168,277
298,300,1.2620294719095217,215
298,300,3.1647954331676105,417
298,300,1.0187009086712835,388
296,300,1.8491430599909469,164
296,300,1.1602739319183106,115
298,300,1.7886307821728533,421
299,300,1.4780663899236965,313
296,300,1.0446478702969542,177
298,300,1.264583917703819,396
296,300,1.7100382999804697,225
298,300,1.4487700017432104,321
294,300,1.0675535894642634,57
298,300,1.1406618486116393,45
298,300,1.7281554895171511,150
297,300,2.0815456959479977,609
298,300,1.9747366291647444,561
298,300,1.6392631817807006,161
299,300,1.4580179633934174,470
299,300,0.8588305452050948,127
297,300,1.086164122833414,160
299,300,1.5486006786787996,63
297,300,1.9207413008623322,450
296,300,2.0405471988220505,306
297,300,1.398904242033598,55
298,300,1.9174405292536238,446
295,300,1.4468217187400554,247
299,300,2.1973513714343,520
298,300,1.5321502125883142,694
298,300,1.894483496946232,328
298,300,2.747297269812713,214
294,300,1.8074505966623005,565
298,300,1.1522885927462805,112
298,300,1.13698420845151,328
298,300,1.8753469474949516,185
298,300,1.899500176696553,241
297,300,1.820911756057369,246
296,300,1.7758056947749525,332
297,300,1.4383621008014762,695
298,300,2.0492087905493883,104
297,300,1.035179509468789,233
298,300,1.3627700775438873,175
294,300,1.6047636038367816,228
297,300,1.6297209952274416,584
298,300,1.1134767919559592,152
294,300,1.8000289320832372,345
298,300,1.180692725369786,27
297,300,2.878630990819825,384
298,300,1.7002899508706713,179
294,300,1.5701806968025418,376
296,300,1.3065176184676666,83
294,300,2.714196737692919,386
294,300,1.5278999062837633,404
299,300,1.9622353310954395,490
299,300,1.3624715436521395,24
298,300,1.2866479019119414,140
298,300,2.0284832468988685,349
297,300,1.215795013081443,243
299,300,1.4005577334153283,101
298,300,1.182957038796399,62
298,300,2.531867399461801,280
297,300,1.9291868341236251,609
299,300,1.7706434922597016,318
297,300,2.554644655445675,423
294,300,2.7401364494554903,352
297,300,1.66682722033756,242
299,300,1.8742314635757442,226
299,300,1.8037166305934051,396
297,300,1.376765828320208,307
297,300,2.0000855658524213,212
296,300,1.5485680873253451,558
296,300,2.168825877718573,872
298,300,1.338616526058683,93
298,300,1.3559906897473062,212
297,300,2.3120814476462046,282
299,300,1.7762580358571718,23
298,300,1.8405948434361337,112
298,300,1.287533580386885,74
298,300,1.1192052677903304,176
299,300,1.621066298465372,357
299,300,2.272468952629577,364
296,300,1.6189154516797732,588
297,300,1.5580444499719113,197
299,300,1.23422861826058,90
298,300,2.0909925762059514,342
298,300,2.0830952656033763,286
297,300,1.350548451661155,395
299,300,1.76236519080159,448
294,300,1.6513515431381425,581
297,300,1.6104640402967991,249
297,300,2.300271719544409,820
297,300,1.5385570282723575,405
297,300,1.8031396063544154,134
297,300,2.1481005751443947,454
296,300,1.460059767192868,381
297,300,1.1805492226388075,266
299,300,1.474521775604923,184
299,300,1.1795525346927216,21
298,300,1.6572487611570275,426
298,300,1.4852693725406223,431
297,300,1.1034120832277314,175
297,300,1.5292821008274415,528
297,300,1,9
299,300,1.3074643906591519,127
298,300,2.0490779011035323,643
299,300,1.6302277566973336,320
299,300,1.8694252210467672,449
299,300,1.1796608382166003,213
298,300,1.2639218760357882,61
299,300,1.0759978622836925,182
296,300,1.923203979739854,482
299,300,1.5137167533846685,316
296,300,1.8092660809047147,589
298,300,1.6966138545019733,197
298,300,1.440711284908061,455
299,300,2.0118634168856264,449
297,300,2.6006705057406023,683
299,300,2.5588293487620337,420
299,300,3.2461577036624645,401
296,300,1.3932012842039088,346
297,300,1.465774512991938,280
299,300,1.0491642965185382,75
297,300,1.1480515636596833,64
297,300,2.058474521669053,362
296,300,1.0752358490832026,103
297,300,1.4480437209753625,131
299,300,2.0184241997213035,617
297,300,2.6246278025224723,318
298,300,1.5013183681247886,152
296,300,1.8432897441060627,555
298,300,1.2805076434124858,198
296,300,2.043308401133236,234
297,300,1.6976183873211024,508
299,300,1.624131062604709,356
297,300,1.5085404972788488,704
299,300,0.9730019696833443,233
298,300,1.2731017561655311,175
299,300,1.2664209440545728,119
299,300,1.2891617936339261,160
296,300,1.1679098867478048,78
297,300,1.6810327504837381,171
299,300,2.082477068708049,301
298,300,2.0785863361877417,345
297,300,1.1043417695957325,235
299,300,1.8717084322171242,49
298,300,1.7863375526397354,494
298,300,1.8578567850647703,316
298,300,1.6182954203517481,126
299,300,1.3480911373869355,378
298,300,2.46695299662736,405
299,300,2.177377010132776,248
298,300,2.1667522187695725,334
299,300,1.858743113407936,402
294,300,1.335851236758756,42
297,300,1.1959636122096016,161
297,300,1.5931339674270415,419
299,300,1.2447436558472422,81
297,300,1.8168868917497667,521
298,300,3.1460906196180143,337
297,300,1.6790211844543237,566
298,300,1.527714410492142,239
298,300,1.2316471877140287,43
299,300,1.6778283892305736,177
298,300,1.7185129679622315,376
298,300,2.062579956064605,345
299,300,2.007014840088103,423
298,300,1.3653704853276634,22
296,300,1.174299818223453,352
298,300,1.3607518687409774,182
296,300,1.091517630708936,261
298,300,1.1243995655455157,127
298,300,1.3721075569185706,193
299,300,1.3004599079317436,216
299,300,1.0527619710143652,259
298,300,1.8044505325029525,303
299,300,1.8045565251108366,520
299,300,1.1645386465665974,155
298,300,1.4761637110500045,165
298,300,2.675786188201908,415
298,300,1.6468170004682054,494
297,300,1.6354106122316288,33
298,300,1.4815217056817076,479
298,300,1.7098958394332753,208
295,300,1.730180332370441,482
299,300,1.8846410589849438,518
295,300,1.9171114576550827,145
296,300,1.7905989787620908,433
296,300,1.3742579955270784,232
297,300,2.092420083756998,333
299,300,1.6768625813937907,297
298,300,1.493335605807666,245
298,300,1.5727584169656537,300
298,300,1.447910903147214,516
296,300,1.976107358639357,262
299,300,1.8147285383282103,439
299,300,1.3424511894186875,131
297,300,2.3668464709896253,498
298,300,2.349726301357009,363
298,300,1.3306160487940455,347
299,300,1.9686571906520152,378
299,300,1.3905253105715147,82
299,300,1.2282658722975652,117
297,300,1.6675220199144536,224
298,300,1.2620028374496046,122
297,300,3.4585508887935386,128
298,300,1.0871940875196882,185
299,300,2.0248000370177635,334
298,300,2.7314562793124706,240
299,300,1.334603384336727,117
298,300,2.1521869157965265,347
299,300,1.3275041214129923,207
297,300,0.9951413686120705,17
298,300,2.616743786205886,92
297,300,1.1483755953200467,94
296,300,1.8255999288165106,207
298,300,2.135717152615288,373
298,300,1.0833525743521426,212
297,300,1.1090886582337474,120
298,300,1.1367448956284876,81
298,300,1.507987623981397,32
296,300,1.8093227124403057,392
298,300,1.3340134599958766,395
296,300,1.6153164958219863,523
298,300,1.5903262911449256,194
298,300,1.8889989851100177,544
298,300,2.3535334863910142,605
297,300,2.124970205437649,579
298,300,1.7138899328020403,390
299,300,1.3795597942708762,377
296,300,1.2268984026788468,45
298,300,1.7535018321557758,195
298,300,1.8720401157276214,327
297,300,1.5425975327324688,172
297,300,2.000135983225977,208
296,300,1.366167669755945,198
299,300,2.0346288030681796,261
297,300,1.1806600862104508,50
298,300,1.3628919253134186,562
298,300,1.7556343052097516,445
298,300,1.3594912524679725,244
295,300,1.3350868373160016,181
297,300,1.6815972010001843,130
299,300,2.2804575145338615,756
298,300,1.1573220881915518,170
297,300,1.3309041779273165,219
298,300,1.8341033446653079,494
297,300,1.1946553222438379,88
296,300,1.1903255980621443,131
296,300,1.0531177978271948,319
299,300,1.6094111064087517,232
299,300,3.037854344443385,474
299,300,1.6584049992261511,163
295,300,1.3807631371646558,39
299,300,1.0964205755075143,135
298,300,1.3944850206169683,369
297,300,1.5982951565378494,552
296,300,1.7206611379561907,567
298,300,0.9046919560886041,139
298,300,1.51378988873449,282
298,300,1.5270598982256987,281
299,300,1.6700467741454657,585
297,300,1.8899307506282452,306
298,300,1.095197195323364,197
299,300,1.3373900832525323,45
297,300,2.820075844634905,490
299,300,1.321011532781731,110
299,300,1.4642648230634774,109
299,300,1.5014866693667084,19
297,300,4.069379416764813,195
297,300,1.5174697929920167,298
299,300,1.5743155337476633,194
298,300,1.6871670805871715,798
297,300,1.9776284289747301,314
299,300,1.2491242552291784,96
298,300,1.8924119038899363,321
298,300,2.2279258629901353,183
298,300,1.4188587660017113,483
298,300,2.584139193674786,673
298,300,0.9707790953555294,228
297,300,1.028348360663336,128
298,300,1.478832895977984,30
296,300,1.9837237279927138,262
298,300,1.8742645389766028,323
299,300,1.370144550250051,20
298,300,2.019917426023086,234
297,300,1.3769653234018,291
295,300,1.6380119952769856,185
299,300,1.1316455016918006,166
299,300,2.0336112082327324,601
297,300,1.884214638743176,536
296,300,1.9241131046759021,540
299,300,1.197412512411653,221
296,300,1.8089405297570322,331
295,300,2.0683586766072852,684
298,300,1.6970015487214203,308
295,300,1.965266718049595,434
298,300,3.256079800659576,396
299,300,1.5470868793778079,279
296,300,2.0326053004386107,190
299,300,2.4765274588885338,587
298,300,1.0299684288744135,239
299,300,2.208621279030956,566
298,300,1.4202698393519055,256
297,300,1.1214775722414148,190
299,300,2.5770371320997585,203
296,300,2.1734894028217995,480
298,300,1.3129141449337611,185
296,300,1.3745047700978166,305
296,300,1.652518041354816,307
297,300,1.5942172240410477,339
295,300,1.441860976297979,374
297,300,1.90201528493012,346
296,300,1.760559125896159,440
299,300,1.6477204514048556,170
298,300,1,9
298,300,1.2095537000207814,342
296,300,1.1771255898919786,154
295,300,2.5935713565582525,398
296,300,1.5184003165568156,183
297,300,1.886818072905543,347
297,300,1.9746670707130534,400
299,300,1.419639552739922,197
298,300,1.7728436221150303,628
295,300,1.6448095047703024,581
295,300,2.0245929056089382,449
298,300,1,6
297,300,1.2190437240985372,180
299,300,1.526070572379665,436
298,300,1.4033028622192192,521
299,300,1.1081223615785356,252
295,300,2.241791161978059,495
299,300,1.785549961040935,289
298,300,1.108346927335169,48
297,300,1.3495679784213332,93
299,300,1.2046423936339132,246
296,300,1.2713525290951395,176
297,300,1.5379023213427983,355
297,300,1.592626173441167,253
299,300,2.148631917332229,312
297,300,1.2334459125515018,62
299,300,1.1271334094919996,178
297,300,2.5435402188987495,413
296,300,1.0518125842090154,214
299,300,1.9265457014838343,239
299,300,1.4700914378681265,135
297,300,1.4179364181028191,431
293,300,1.0866829623734557,82
299,300,1.3829705583790262,390
298,300,1.7308409623314662,245
299,300,2.1014143149364095,217
299,300,1.6036516235662803,307
297,300,3.6892643563754395,106
297,300,1.1444439423099717,227
299,300,1.0278486158586233,80
298,300,1.1613059506567551,77
297,300,1.2705857298671364,583
299,300,1.529798857310931,477
295,300,2.889021557064799,632
297,300,2.110592924035441,510
296,300,1.615558373955069,132
299,300,1.8179550402373916,476
297,300,3.1336890665602284,258
296,300,1.086140430222867,52
297,300,1.3730581231015853,401
295,300,1.8356359872310615,664
299,300,1.283317272686183,249
297,300,1.4542761103258601,370
299,300,1.953226242701928,168
297,300,1.95419327215562,312
298,300,1.3752437228518346,46
299,300,1.4051283230890024,280
297,300,1.6596764389068734,402
298,300,1.8483140078978382,529
298,300,1.341346997221577,483
297,300,1.5709090229015983,51
298,300,1.7096686565850303,190
299,300,1.9170713123994938,12
298,300,1.4157029264668506,137
296,300,1.484135738825771,530
298,300,1.2856712385635953,93
294,300,1.8428537402760923,147
297,300,2.4900221140419396,411
297,300,2.1508639087065387,238
296,300,1.3230690132251242,631
299,300,1.2573028450134538,261
298,300,1.710331019764137,72
299,300,2.57331274144072,342
295,300,1.7068219940470375,276
299,300,1.7833656793515746,429
296,300,1.7286942084433992,390
297,300,2.201910376774894,492
296,300,1.3861262622412271,75
298,300,2.1180382631083448,230
298,300,1.745706110779867,498
298,300,1.290370567224487,76
298,300,1.6945621248247686,301
299,300,1.6720236103019694,495
297,300,1.6792785475370597,320
298,300,1.4804113471227156,81
299,300,1.8525949372989796,797
297,300,1.279995715716682,121
297,300,2.183655545383124,277
297,300,2.4796602733509943,301
297,300,1.1669831980791445,303
298,300,1.2977966935456733,111
298,300,2.896622565107919,122
297,300,1.9902846080077652,272
297,300,1.3805056007703933,214
297,300,2.1069839809229465,676
299,300,1.209824688466496,172
298,300,1.6556661628639886,208
296,300,2.4394820129430883,244
298,300,2.3801465227329586,216
298,300,1.6256588238645235,158
298,300,1.8901248185893895,221
298,300,1.0864945187792616,121
299,300,1.4029434121586737,571
298,300,1.1845471601569162,21
299,300,1.597198827236789,525
298,300,1.842401058773212,398
296,300,1.7821612161726723,595
297,300,2.1327713111842925,170
296,300,1.2300800496083766,226
296,300,1.6664807865517322,243
295,300,1.2834794385807253,60
299,300,3.3685559866962302,210
297,300,1.2191332499769802,66
299,300,1.969753552184531,702
298,300,1.6996123875203768,477
299,300,1.507748302242847,110
299,300,1.615643364267259,530
295,300,2.178211973864355,195
296,300,1.701466579321747,356
298,300,1.6362525230016063,513
299,300,2.0828947256405685,392
299,300,1.0662623370061066,64
298,300,1.111520667162871,186
295,300,1.4068880677094302,256
299,300,1.60156388356055,590
298,400,1.7337417599711542,624
298,400,2.0552046416043184,53
298,400,1.779691299076985,426
296,400,2.1248964521057165,99
296,400,1.4136648747632021,387
299,400,1.387200134801033,334
297,400,30,12013
297,400,1.309692798916283,151
299,400,1.167635939368109,136
299,400,1.6236491612515924,427
